realBuyLink,description,expired
https://slickdeals.net/?sdtrk=SiteSearchV2Algo1&afsrc=1&trd=Get%20Deal%20at%20Amazon&sdtid=17134882&tid=17134882&pno=897277&prop=diavail-true%7Cdincp-0%7Cdinpd-3%7Cdipgavail-false&pv=997ff8b0930511eeb461e61b785c285b&au=5bebcd0bf8414b9689357ca3acc07779,This item has no description,
https://slickdeals.net/?sdtrk=SiteSearchV2Algo1&afsrc=1&trd=Get%20Deal%20at%20Retailer&sdtid=16941097&tid=16941097&prop=diavail-false%7Cdincp-0%7Cdinpd-0%7Cdipgavail-false&pv=9f0f53f2930511eeb5bcc2ead178cde8&au=5bebcd0bf8414b9689357ca3acc07779,This item has no description,
https://slickdeals.net/?sdtrk=SiteSearchV2Algo1&afsrc=1&trd=Get%20Deal%20at%20Amazon&sdtid=17071147&tid=17071147&prop=diavail-true%7Cdincp-1%7Cdinpd-1%7Cdipgavail-false&pv=a3f20e14930511eea8c39ad162da6e65&au=5bebcd0bf8414b9689357ca3acc07779,This item has no description,Expired Deal
https://slickdeals.net/?sdtrk=SiteSearchV2Algo1&afsrc=1&trd=Get%20Deal%20at%20Retailer&sdtid=16771556&tid=16771556&pno=845150&prop=diavail-false%7Cdincp-0%7Cdinpd-0%7Cdipgavail-false&pv=a7229b76930511ee92723ae2af341a1d&au=5bebcd0bf8414b9689357ca3acc07779,This item has no description,
https://slickdeals.net/?sdtrk=SiteSearchV2Algo1&afsrc=1&trd=Get%20Deal%20at%20Amazon&sdtid=16705082&tid=16705082&prop=diavail-false%7Cdincp-0%7Cdinpd-0%7Cdipgavail-false&pv=aba5c812930511eeb4de0e2c2394bcf6&au=5bebcd0bf8414b9689357ca3acc07779,This item has no description,
https://slickdeals.net/?sdtrk=SiteSearchV2Algo1&afsrc=1&trd=Visit%20PetSmart&sdtid=16788785&tid=16788785&pno=846863&prop=diavail-false%7Cdincp-0%7Cdinpd-0%7Cdipgavail-false&pv=b03a4b00930511eea5d7b624ff9acd3a&au=5bebcd0bf8414b9689357ca3acc07779,This item has no description,Expired Deal
https://slickdeals.net/?sdtrk=SiteSearchV2Algo1&afsrc=1&trd=Get%20Deal%20at%20Petco&sdtid=16886549&tid=16886549&prop=diavail-false%7Cdincp-0%7Cdinpd-0%7Cdipgavail-false&pv=b36a014e930511eea9dd52d99aef8a32&au=5bebcd0bf8414b9689357ca3acc07779,This item has no description,Expired Deal
https://slickdeals.net/?sdtrk=SiteSearchV2Algo1&afsrc=1&trd=See%20Deal&sdtid=17027920&tid=17027920&prop=diavail-false%7Cdincp-0%7Cdinpd-0%7Cdipgavail-false&pv=b666191e930511ee91de6e29dea6a24e&au=5bebcd0bf8414b9689357ca3acc07779,This item has no description,
https://slickdeals.net/?sdtrk=SiteSearchV2Algo1&afsrc=1&trd=Get%20Deal%20at%20Amazon&sdtid=16756622&tid=16756622&prop=diavail-false%7Cdincp-0%7Cdinpd-0%7Cdipgavail-false&pv=bafa58aa930511ee8cdc6ea02c65049f&au=5bebcd0bf8414b9689357ca3acc07779,This item has no description,Expired Deal
https://slickdeals.net/?sdtrk=SiteSearchV2Algo1&afsrc=1&trd=Get%20Deal%20at%20Chewy&sdtid=16575458&tid=16575458&pno=818738&prop=diavail-false%7Cdincp-0%7Cdinpd-0%7Cdipgavail-false&pv=bdd05958930511ee9a38d6780b5c7112&au=5bebcd0bf8414b9689357ca3acc07779,"Flea and tick protection for dogs and puppies over 18 pounds.
Long-lasting collar kills and repels fleas for 8 months.
Starts working quickly to kill and repel fleas on contact, so pests don’t have to bite your dog to die.
Hassle-free, non-greasy and easy to use.
No prescription required.",
https://slickdeals.net/?sdtrk=SiteSearchV2Algo1&afsrc=1&trd=Get%20Deal%20at%20Amazon&sdtid=16714808&tid=16714808&prop=diavail-false%7Cdincp-0%7Cdinpd-0%7Cdipgavail-false&pv=c083a33a930511eeaa3cf23d550c2941&au=5bebcd0bf8414b9689357ca3acc07779,This item has no description,
https://slickdeals.net/?sdtrk=SiteSearchV2Algo1&afsrc=1&trd=Get%20Deal%20at%20Amazon&sdtid=16423786&tid=16423786&prop=diavail-false%7Cdincp-0%7Cdinpd-0%7Cdipgavail-false&pv=c4e982a0930511eeabe5f6836995d55b&au=5bebcd0bf8414b9689357ca3acc07779,This item has no description,
https://slickdeals.net/?sdtrk=SiteSearchV2Algo1&afsrc=1&trd=Visit%20Amazon&sdtid=16351534&tid=16351534&pno=788491&prop=diavail-true%7Cdincp-1%7Cdinpd-0%7Cdipgavail-false&pv=c9ad088e930511eeb7d226bedd00fd3a&au=5bebcd0bf8414b9689357ca3acc07779,This item has no description,Expired Deal
https://slickdeals.net/?sdtrk=SiteSearchV2Algo1&afsrc=1&trd=Visit%20Retailer&sdtid=16632065&tid=16632065&pno=826037&prop=diavail-false%7Cdincp-0%7Cdinpd-0%7Cdipgavail-false&pv=cd19a3b0930511ee87fb3a4e4378d870&au=5bebcd0bf8414b9689357ca3acc07779,This item has no description,Expired Deal
https://slickdeals.net/?sdtrk=SiteSearchV2Algo1&afsrc=1&trd=Get%20Deal%20at%20Amazon&sdtid=16092052&tid=16092052&prop=diavail-false%7Cdincp-0%7Cdinpd-0%7Cdipgavail-false&pv=d01fb1d0930511ee92676ea02c65049f&au=5bebcd0bf8414b9689357ca3acc07779,This item has no description,
https://slickdeals.net/?sdtrk=SiteSearchV2Algo1&afsrc=1&trd=Get%20Deal%20at%20Amazon&sdtid=15987277&tid=15987277&prop=diavail-true%7Cdincp-3%7Cdinpd-2%7Cdipgavail-true&pv=d49407b6930511eebc50ee7b3f3e8d1f&au=5bebcd0bf8414b9689357ca3acc07779,This item has no description,
https://slickdeals.net/?sdtrk=SiteSearchV2Algo1&afsrc=1&trd=Get%20Deal%20at%20Amazon&sdtid=15973096&tid=15973096&prop=diavail-true%7Cdincp-3%7Cdinpd-2%7Cdipgavail-true&pv=d9c93364930511ee8db9363f2c00ba5d&au=5bebcd0bf8414b9689357ca3acc07779,This item has no description,
https://slickdeals.net/?sdtrk=SiteSearchV2Algo1&afsrc=1&trd=Get%20Deal%20at%20Amazon&sdtid=15940621&tid=15940621&prop=diavail-false%7Cdincp-0%7Cdinpd-0%7Cdipgavail-false&pv=def4fb02930511ee8f862a34d537341f&au=5bebcd0bf8414b9689357ca3acc07779,This item has no description,
https://slickdeals.net/?sdtrk=SiteSearchV2Algo1&afsrc=1&trd=Visit%20Amazon&sdtid=15597418&tid=15597418&pno=697312&prop=diavail-true%7Cdincp-1%7Cdinpd-2%7Cdipgavail-false&pv=e3c2d8c0930511ee8589aea895ef3e67&au=5bebcd0bf8414b9689357ca3acc07779,This item has no description,Expired Deal
https://slickdeals.net/?sdtrk=SiteSearchV2Algo1&afsrc=1&trd=Get%20Deal%20at%20Amazon&sdtid=15697021&tid=15697021&prop=diavail-true%7Cdincp-1%7Cdinpd-0%7Cdipgavail-false&pv=e6f9e5b0930511ee9dc912b6eb2019a4&au=5bebcd0bf8414b9689357ca3acc07779,This item has no description,
https://slickdeals.net/?sdtrk=SiteSearchV2Algo1&afsrc=1&trd=Get%20Deal%20at%20Amazon&sdtid=17134882&tid=17134882&pno=897277&prop=diavail-true%7Cdincp-0%7Cdinpd-3%7Cdipgavail-false&pv=ebd1ab0e930511eeb6068e1f5ac956b7&au=5bebcd0bf8414b9689357ca3acc07779,This item has no description,
https://slickdeals.net/?sdtrk=SiteSearchV2Algo1&afsrc=1&trd=Get%20Deal%20at%20Retailer&sdtid=16941097&tid=16941097&prop=diavail-false%7Cdincp-0%7Cdinpd-0%7Cdipgavail-false&pv=f181ad56930511eeb9362a338d338185&au=5bebcd0bf8414b9689357ca3acc07779,This item has no description,
https://slickdeals.net/?sdtrk=SiteSearchV2Algo1&afsrc=1&trd=Get%20Deal%20at%20Amazon&sdtid=17071147&tid=17071147&prop=diavail-true%7Cdincp-1%7Cdinpd-1%7Cdipgavail-false&pv=f5c40166930511ee84d25217dadf8f51&au=5bebcd0bf8414b9689357ca3acc07779,This item has no description,Expired Deal
https://slickdeals.net/?sdtrk=SiteSearchV2Algo1&afsrc=1&trd=Get%20Deal%20at%20Retailer&sdtid=16771556&tid=16771556&pno=845150&prop=diavail-false%7Cdincp-0%7Cdinpd-0%7Cdipgavail-false&pv=f8a3a242930511eeab4d7e1fa6f2e8ad&au=5bebcd0bf8414b9689357ca3acc07779,This item has no description,
https://slickdeals.net/?sdtrk=SiteSearchV2Algo1&afsrc=1&trd=Get%20Deal%20at%20Amazon&sdtid=16705082&tid=16705082&prop=diavail-false%7Cdincp-0%7Cdinpd-0%7Cdipgavail-false&pv=fd0135fc930511ee99bbf2b6c0bebaaf&au=5bebcd0bf8414b9689357ca3acc07779,This item has no description,
https://slickdeals.net/?sdtrk=SiteSearchV2Algo1&afsrc=1&trd=Visit%20PetSmart&sdtid=16788785&tid=16788785&pno=846863&prop=diavail-false%7Cdincp-0%7Cdinpd-0%7Cdipgavail-false&pv=014b0a84930611eeb202d2e5958396b2&au=5bebcd0bf8414b9689357ca3acc07779,This item has no description,Expired Deal
https://slickdeals.net/?sdtrk=SiteSearchV2Algo1&afsrc=1&trd=Get%20Deal%20at%20Petco&sdtid=16886549&tid=16886549&prop=diavail-false%7Cdincp-0%7Cdinpd-0%7Cdipgavail-false&pv=042b9ec6930611ee880212b6eb2019a4&au=5bebcd0bf8414b9689357ca3acc07779,This item has no description,Expired Deal
https://slickdeals.net/?sdtrk=SiteSearchV2Algo1&afsrc=1&trd=See%20Deal&sdtid=17027920&tid=17027920&prop=diavail-false%7Cdincp-0%7Cdinpd-0%7Cdipgavail-false&pv=07181d4e930611eea3f62e3df80f031a&au=5bebcd0bf8414b9689357ca3acc07779,This item has no description,
https://slickdeals.net/?sdtrk=SiteSearchV2Algo1&afsrc=1&trd=Get%20Deal%20at%20Amazon&sdtid=16756622&tid=16756622&prop=diavail-false%7Cdincp-0%7Cdinpd-0%7Cdipgavail-false&pv=0b981338930611eea7616e29dea6a24e&au=5bebcd0bf8414b9689357ca3acc07779,This item has no description,Expired Deal
https://slickdeals.net/?sdtrk=SiteSearchV2Algo1&afsrc=1&trd=Get%20Deal%20at%20Chewy&sdtid=16575458&tid=16575458&pno=818738&prop=diavail-false%7Cdincp-0%7Cdinpd-0%7Cdipgavail-false&pv=0e5e8ae8930611ee9379ee2e757ac07b&au=5bebcd0bf8414b9689357ca3acc07779,"Flea and tick protection for dogs and puppies over 18 pounds.
Long-lasting collar kills and repels fleas for 8 months.
Starts working quickly to kill and repel fleas on contact, so pests don’t have to bite your dog to die.
Hassle-free, non-greasy and easy to use.
No prescription required.",
https://slickdeals.net/?sdtrk=SiteSearchV2Algo1&afsrc=1&trd=Get%20Deal%20at%20Amazon&sdtid=16714808&tid=16714808&prop=diavail-false%7Cdincp-0%7Cdinpd-0%7Cdipgavail-false&pv=10e1c244930611ee8431e281b58694f9&au=5bebcd0bf8414b9689357ca3acc07779,This item has no description,
https://slickdeals.net/?sdtrk=SiteSearchV2Algo1&afsrc=1&trd=Get%20Deal%20at%20Amazon&sdtid=16423786&tid=16423786&prop=diavail-false%7Cdincp-0%7Cdinpd-0%7Cdipgavail-false&pv=1515ffec930611ee9b833e8a4a86d54f&au=5bebcd0bf8414b9689357ca3acc07779,This item has no description,
https://slickdeals.net/?sdtrk=SiteSearchV2Algo1&afsrc=1&trd=Visit%20Amazon&sdtid=16351534&tid=16351534&pno=788491&prop=diavail-true%7Cdincp-1%7Cdinpd-0%7Cdipgavail-false&pv=1989fa42930611eeadef9ad162da6e65&au=5bebcd0bf8414b9689357ca3acc07779,This item has no description,Expired Deal
https://slickdeals.net/?sdtrk=SiteSearchV2Algo1&afsrc=1&trd=Visit%20Retailer&sdtid=16632065&tid=16632065&pno=826037&prop=diavail-false%7Cdincp-0%7Cdinpd-0%7Cdipgavail-false&pv=1c4480cc930611ee89bc0e2c2394bcf6&au=5bebcd0bf8414b9689357ca3acc07779,This item has no description,Expired Deal
https://slickdeals.net/?sdtrk=SiteSearchV2Algo1&afsrc=1&trd=Get%20Deal%20at%20Amazon&sdtid=16092052&tid=16092052&prop=diavail-false%7Cdincp-0%7Cdinpd-0%7Cdipgavail-false&pv=1f48d16a930611ee8ad3e2ff9c0aef19&au=5bebcd0bf8414b9689357ca3acc07779,This item has no description,
https://slickdeals.net/?sdtrk=SiteSearchV2Algo1&afsrc=1&trd=Get%20Deal%20at%20Amazon&sdtid=15987277&tid=15987277&prop=diavail-true%7Cdincp-3%7Cdinpd-2%7Cdipgavail-true&pv=236baf1a930611ee86343e8a4a86d54f&au=5bebcd0bf8414b9689357ca3acc07779,This item has no description,
https://slickdeals.net/?sdtrk=SiteSearchV2Algo1&afsrc=1&trd=Get%20Deal%20at%20Amazon&sdtid=15973096&tid=15973096&prop=diavail-true%7Cdincp-3%7Cdinpd-2%7Cdipgavail-true&pv=27b0c308930611eeab78ee7b3f3e8d1f&au=5bebcd0bf8414b9689357ca3acc07779,This item has no description,
https://slickdeals.net/?sdtrk=SiteSearchV2Algo1&afsrc=1&trd=Get%20Deal%20at%20Amazon&sdtid=15940621&tid=15940621&prop=diavail-false%7Cdincp-0%7Cdinpd-0%7Cdipgavail-false&pv=2c27fd48930611ee844a0e774cf9d669&au=5bebcd0bf8414b9689357ca3acc07779,This item has no description,
https://slickdeals.net/?sdtrk=SiteSearchV2Algo1&afsrc=1&trd=Visit%20Amazon&sdtid=15597418&tid=15597418&pno=697312&prop=diavail-true%7Cdincp-1%7Cdinpd-2%7Cdipgavail-false&pv=306086be930611ee8435728b6ce44b6a&au=5bebcd0bf8414b9689357ca3acc07779,This item has no description,Expired Deal
https://slickdeals.net/?sdtrk=SiteSearchV2Algo1&afsrc=1&trd=Get%20Deal%20at%20Amazon&sdtid=15697021&tid=15697021&prop=diavail-true%7Cdincp-1%7Cdinpd-0%7Cdipgavail-false&pv=335e97ac930611ee93f9363f2c00ba5d&au=5bebcd0bf8414b9689357ca3acc07779,This item has no description,
https://slickdeals.net/?sdtrk=SiteSearchV2Algo1&afsrc=1&trd=Get%20Deal%20at%20Amazon&sdtid=17134882&tid=17134882&pno=897277&prop=diavail-true%7Cdincp-0%7Cdinpd-3%7Cdipgavail-false&pv=37c186b0930611ee8a0f5a783dfab57c&au=5bebcd0bf8414b9689357ca3acc07779,This item has no description,
https://slickdeals.net/?sdtrk=SiteSearchV2Algo1&afsrc=1&trd=Get%20Deal%20at%20Retailer&sdtid=16941097&tid=16941097&prop=diavail-false%7Cdincp-0%7Cdinpd-0%7Cdipgavail-false&pv=3c2ff164930611eea62c56cb78a039dc&au=5bebcd0bf8414b9689357ca3acc07779,This item has no description,
https://slickdeals.net/?sdtrk=SiteSearchV2Algo1&afsrc=1&trd=Get%20Deal%20at%20Amazon&sdtid=17071147&tid=17071147&prop=diavail-true%7Cdincp-1%7Cdinpd-1%7Cdipgavail-false&pv=4064589c930611ee97f1ee446ae44d1d&au=5bebcd0bf8414b9689357ca3acc07779,This item has no description,Expired Deal
https://slickdeals.net/?sdtrk=SiteSearchV2Algo1&afsrc=1&trd=Get%20Deal%20at%20Retailer&sdtid=16771556&tid=16771556&pno=845150&prop=diavail-false%7Cdincp-0%7Cdinpd-0%7Cdipgavail-false&pv=433f5152930611eebc7dce95ad32fc49&au=5bebcd0bf8414b9689357ca3acc07779,This item has no description,
https://slickdeals.net/?sdtrk=SiteSearchV2Algo1&afsrc=1&trd=Get%20Deal%20at%20Amazon&sdtid=16705082&tid=16705082&prop=diavail-false%7Cdincp-0%7Cdinpd-0%7Cdipgavail-false&pv=478beffe930611eebe4212735a8b63a5&au=5bebcd0bf8414b9689357ca3acc07779,This item has no description,
https://slickdeals.net/?sdtrk=SiteSearchV2Algo1&afsrc=1&trd=Visit%20PetSmart&sdtid=16788785&tid=16788785&pno=846863&prop=diavail-false%7Cdincp-0%7Cdinpd-0%7Cdipgavail-false&pv=4bbf8c48930611eea716b213d4e1265c&au=5bebcd0bf8414b9689357ca3acc07779,This item has no description,Expired Deal
https://slickdeals.net/?sdtrk=SiteSearchV2Algo1&afsrc=1&trd=Get%20Deal%20at%20Petco&sdtid=16886549&tid=16886549&prop=diavail-false%7Cdincp-0%7Cdinpd-0%7Cdipgavail-false&pv=4e9e2b68930611eeadf4ee7b3f3e8d1f&au=5bebcd0bf8414b9689357ca3acc07779,This item has no description,Expired Deal
https://slickdeals.net/?sdtrk=SiteSearchV2Algo1&afsrc=1&trd=See%20Deal&sdtid=17027920&tid=17027920&prop=diavail-false%7Cdincp-0%7Cdinpd-0%7Cdipgavail-false&pv=51cabfcc930611ee92735a783dfab57c&au=5bebcd0bf8414b9689357ca3acc07779,This item has no description,
https://slickdeals.net/?sdtrk=SiteSearchV2Algo1&afsrc=1&trd=Get%20Deal%20at%20Amazon&sdtid=16756622&tid=16756622&prop=diavail-false%7Cdincp-0%7Cdinpd-0%7Cdipgavail-false&pv=5609d8a2930611eeb0c642e8039dc599&au=5bebcd0bf8414b9689357ca3acc07779,This item has no description,Expired Deal
https://slickdeals.net/?sdtrk=SiteSearchV2Algo1&afsrc=1&trd=Get%20Deal%20at%20Chewy&sdtid=16575458&tid=16575458&pno=818738&prop=diavail-false%7Cdincp-0%7Cdinpd-0%7Cdipgavail-false&pv=58ea5fc4930611eea21c56cb78a039dc&au=5bebcd0bf8414b9689357ca3acc07779,"Flea and tick protection for dogs and puppies over 18 pounds.
Long-lasting collar kills and repels fleas for 8 months.
Starts working quickly to kill and repel fleas on contact, so pests don’t have to bite your dog to die.
Hassle-free, non-greasy and easy to use.
No prescription required.",
https://slickdeals.net/?sdtrk=SiteSearchV2Algo1&afsrc=1&trd=Get%20Deal%20at%20Amazon&sdtid=16714808&tid=16714808&prop=diavail-false%7Cdincp-0%7Cdinpd-0%7Cdipgavail-false&pv=5b5a5c1e930611ee8730aeddf160804c&au=5bebcd0bf8414b9689357ca3acc07779,This item has no description,
https://slickdeals.net/?sdtrk=SiteSearchV2Algo1&afsrc=1&trd=Get%20Deal%20at%20Amazon&sdtid=16423786&tid=16423786&prop=diavail-false%7Cdincp-0%7Cdinpd-0%7Cdipgavail-false&pv=5fa751d2930611ee980d9e51afe3efdb&au=5bebcd0bf8414b9689357ca3acc07779,This item has no description,
https://slickdeals.net/?sdtrk=SiteSearchV2Algo1&afsrc=1&trd=Visit%20Amazon&sdtid=16351534&tid=16351534&pno=788491&prop=diavail-true%7Cdincp-1%7Cdinpd-0%7Cdipgavail-false&pv=63fe1590930611eea2cbfae05afd5f94&au=5bebcd0bf8414b9689357ca3acc07779,This item has no description,Expired Deal
https://slickdeals.net/?sdtrk=SiteSearchV2Algo1&afsrc=1&trd=Visit%20Retailer&sdtid=16632065&tid=16632065&pno=826037&prop=diavail-false%7Cdincp-0%7Cdinpd-0%7Cdipgavail-false&pv=67234682930611ee981eea7718e137e0&au=5bebcd0bf8414b9689357ca3acc07779,This item has no description,Expired Deal
https://slickdeals.net/?sdtrk=SiteSearchV2Algo1&afsrc=1&trd=Get%20Deal%20at%20Amazon&sdtid=16092052&tid=16092052&prop=diavail-false%7Cdincp-0%7Cdinpd-0%7Cdipgavail-false&pv=69b849c4930611ee846e4a71662b62f7&au=5bebcd0bf8414b9689357ca3acc07779,This item has no description,
https://slickdeals.net/?sdtrk=SiteSearchV2Algo1&afsrc=1&trd=Get%20Deal%20at%20Amazon&sdtid=15987277&tid=15987277&prop=diavail-true%7Cdincp-3%7Cdinpd-2%7Cdipgavail-true&pv=6dee6d2a930611eeb7ee76a70f53cfb2&au=5bebcd0bf8414b9689357ca3acc07779,This item has no description,
https://slickdeals.net/?sdtrk=SiteSearchV2Algo1&afsrc=1&trd=Get%20Deal%20at%20Amazon&sdtid=15973096&tid=15973096&prop=diavail-true%7Cdincp-3%7Cdinpd-2%7Cdipgavail-true&pv=722d55f4930611eeb0cb6e29dea6a24e&au=5bebcd0bf8414b9689357ca3acc07779,This item has no description,
https://slickdeals.net/?sdtrk=SiteSearchV2Algo1&afsrc=1&trd=Get%20Deal%20at%20Amazon&sdtid=15940621&tid=15940621&prop=diavail-false%7Cdincp-0%7Cdinpd-0%7Cdipgavail-false&pv=764dfb34930611eead7636987a0a01ff&au=5bebcd0bf8414b9689357ca3acc07779,This item has no description,
https://slickdeals.net/?sdtrk=SiteSearchV2Algo1&afsrc=1&trd=Visit%20Amazon&sdtid=15597418&tid=15597418&pno=697312&prop=diavail-true%7Cdincp-1%7Cdinpd-2%7Cdipgavail-false&pv=7a98d5e2930611eeb216b624ff9acd3a&au=5bebcd0bf8414b9689357ca3acc07779,This item has no description,Expired Deal
https://slickdeals.net/?sdtrk=SiteSearchV2Algo1&afsrc=1&trd=Get%20Deal%20at%20Amazon&sdtid=15697021&tid=15697021&prop=diavail-true%7Cdincp-1%7Cdinpd-0%7Cdipgavail-false&pv=7d3bfe50930611ee92de661e7a0f8795&au=5bebcd0bf8414b9689357ca3acc07779,This item has no description,
https://slickdeals.net/?sdtrk=SiteSearchV2Algo1&afsrc=1&trd=Get%20Deal%20at%20Amazon&sdtid=17134882&tid=17134882&pno=897277&prop=diavail-true%7Cdincp-0%7Cdinpd-3%7Cdipgavail-false&pv=816d107c930611ee8ec47aabb1c97e42&au=5bebcd0bf8414b9689357ca3acc07779,This item has no description,
https://slickdeals.net/?sdtrk=SiteSearchV2Algo1&afsrc=1&trd=Get%20Deal%20at%20Retailer&sdtid=16941097&tid=16941097&prop=diavail-false%7Cdincp-0%7Cdinpd-0%7Cdipgavail-false&pv=85bf7c50930611eeafb98280f768462e&au=5bebcd0bf8414b9689357ca3acc07779,This item has no description,
https://slickdeals.net/?sdtrk=SiteSearchV2Algo1&afsrc=1&trd=Get%20Deal%20at%20Amazon&sdtid=17071147&tid=17071147&prop=diavail-true%7Cdincp-1%7Cdinpd-1%7Cdipgavail-false&pv=89f6587a930611eeb5cadeea9ecd979f&au=5bebcd0bf8414b9689357ca3acc07779,This item has no description,Expired Deal
https://slickdeals.net/?sdtrk=SiteSearchV2Algo1&afsrc=1&trd=Get%20Deal%20at%20Retailer&sdtid=16771556&tid=16771556&pno=845150&prop=diavail-false%7Cdincp-0%7Cdinpd-0%7Cdipgavail-false&pv=8cee140a930611eebb09a6226f9167e9&au=5bebcd0bf8414b9689357ca3acc07779,This item has no description,
https://slickdeals.net/?sdtrk=SiteSearchV2Algo1&afsrc=1&trd=Get%20Deal%20at%20Amazon&sdtid=16705082&tid=16705082&prop=diavail-false%7Cdincp-0%7Cdinpd-0%7Cdipgavail-false&pv=914b9838930611eeb301562d90c88812&au=5bebcd0bf8414b9689357ca3acc07779,This item has no description,
https://slickdeals.net/?sdtrk=SiteSearchV2Algo1&afsrc=1&trd=Visit%20PetSmart&sdtid=16788785&tid=16788785&pno=846863&prop=diavail-false%7Cdincp-0%7Cdinpd-0%7Cdipgavail-false&pv=9596f98c930611eeba3d9e51afe3efdb&au=5bebcd0bf8414b9689357ca3acc07779,This item has no description,Expired Deal
https://slickdeals.net/?sdtrk=SiteSearchV2Algo1&afsrc=1&trd=Get%20Deal%20at%20Petco&sdtid=16886549&tid=16886549&prop=diavail-false%7Cdincp-0%7Cdinpd-0%7Cdipgavail-false&pv=98a40462930611ee913fc63f9671413d&au=5bebcd0bf8414b9689357ca3acc07779,This item has no description,Expired Deal
https://slickdeals.net/?sdtrk=SiteSearchV2Algo1&afsrc=1&trd=See%20Deal&sdtid=17027920&tid=17027920&prop=diavail-false%7Cdincp-0%7Cdinpd-0%7Cdipgavail-false&pv=9b7eb9ca930611ee91aadee7c78a78dc&au=5bebcd0bf8414b9689357ca3acc07779,This item has no description,
https://slickdeals.net/?sdtrk=SiteSearchV2Algo1&afsrc=1&trd=Get%20Deal%20at%20Amazon&sdtid=16756622&tid=16756622&prop=diavail-false%7Cdincp-0%7Cdinpd-0%7Cdipgavail-false&pv=9fa27abe930611eebde3f6836995d55b&au=5bebcd0bf8414b9689357ca3acc07779,This item has no description,Expired Deal
https://slickdeals.net/?sdtrk=SiteSearchV2Algo1&afsrc=1&trd=Get%20Deal%20at%20Chewy&sdtid=16575458&tid=16575458&pno=818738&prop=diavail-false%7Cdincp-0%7Cdinpd-0%7Cdipgavail-false&pv=a24395e6930611eeaf763e364c14c401&au=5bebcd0bf8414b9689357ca3acc07779,"Flea and tick protection for dogs and puppies over 18 pounds.
Long-lasting collar kills and repels fleas for 8 months.
Starts working quickly to kill and repel fleas on contact, so pests don’t have to bite your dog to die.
Hassle-free, non-greasy and easy to use.
No prescription required.",
https://slickdeals.net/?sdtrk=SiteSearchV2Algo1&afsrc=1&trd=Get%20Deal%20at%20Amazon&sdtid=16714808&tid=16714808&prop=diavail-false%7Cdincp-0%7Cdinpd-0%7Cdipgavail-false&pv=a4f807c2930611eea5970e86e249807d&au=5bebcd0bf8414b9689357ca3acc07779,This item has no description,
https://slickdeals.net/?sdtrk=SiteSearchV2Algo1&afsrc=1&trd=Get%20Deal%20at%20Amazon&sdtid=16423786&tid=16423786&prop=diavail-false%7Cdincp-0%7Cdinpd-0%7Cdipgavail-false&pv=a9349fc6930611ee8e68c2ead178cde8&au=5bebcd0bf8414b9689357ca3acc07779,This item has no description,
https://slickdeals.net/?sdtrk=SiteSearchV2Algo1&afsrc=1&trd=Visit%20Amazon&sdtid=16351534&tid=16351534&pno=788491&prop=diavail-true%7Cdincp-1%7Cdinpd-0%7Cdipgavail-false&pv=ad6d1fb4930611ee95b9f2b6c0bebaaf&au=5bebcd0bf8414b9689357ca3acc07779,This item has no description,Expired Deal
https://slickdeals.net/?sdtrk=SiteSearchV2Algo1&afsrc=1&trd=Visit%20Retailer&sdtid=16632065&tid=16632065&pno=826037&prop=diavail-false%7Cdincp-0%7Cdinpd-0%7Cdipgavail-false&pv=b063d8e8930611eeb681d6780b5c7112&au=5bebcd0bf8414b9689357ca3acc07779,This item has no description,Expired Deal
https://slickdeals.net/?sdtrk=SiteSearchV2Algo1&afsrc=1&trd=Get%20Deal%20at%20Amazon&sdtid=16092052&tid=16092052&prop=diavail-false%7Cdincp-0%7Cdinpd-0%7Cdipgavail-false&pv=b35f2d9a930611eea26cf614d5ddb5b2&au=5bebcd0bf8414b9689357ca3acc07779,This item has no description,
https://slickdeals.net/?sdtrk=SiteSearchV2Algo1&afsrc=1&trd=Get%20Deal%20at%20Amazon&sdtid=15987277&tid=15987277&prop=diavail-true%7Cdincp-3%7Cdinpd-2%7Cdipgavail-true&pv=b7a5e43e930611ee89d58230a98a4655&au=5bebcd0bf8414b9689357ca3acc07779,This item has no description,
https://slickdeals.net/?sdtrk=SiteSearchV2Algo1&afsrc=1&trd=Get%20Deal%20at%20Amazon&sdtid=15973096&tid=15973096&prop=diavail-true%7Cdincp-3%7Cdinpd-2%7Cdipgavail-true&pv=bbee1944930611ee8b128230a98a4655&au=5bebcd0bf8414b9689357ca3acc07779,This item has no description,
https://slickdeals.net/?sdtrk=SiteSearchV2Algo1&afsrc=1&trd=Get%20Deal%20at%20Amazon&sdtid=15940621&tid=15940621&prop=diavail-false%7Cdincp-0%7Cdinpd-0%7Cdipgavail-false&pv=c03266e0930611ee9d730640c0794e28&au=5bebcd0bf8414b9689357ca3acc07779,This item has no description,
https://slickdeals.net/?sdtrk=SiteSearchV2Algo1&afsrc=1&trd=Visit%20Amazon&sdtid=15597418&tid=15597418&pno=697312&prop=diavail-true%7Cdincp-1%7Cdinpd-2%7Cdipgavail-false&pv=c456cb6c930611ee9b2d32e1bb81e18c&au=5bebcd0bf8414b9689357ca3acc07779,This item has no description,Expired Deal
https://slickdeals.net/?sdtrk=SiteSearchV2Algo1&afsrc=1&trd=Get%20Deal%20at%20Amazon&sdtid=15697021&tid=15697021&prop=diavail-true%7Cdincp-1%7Cdinpd-0%7Cdipgavail-false&pv=c73a0e48930611ee8faf5217dadf8f51&au=5bebcd0bf8414b9689357ca3acc07779,This item has no description,
https://slickdeals.net/?sdtrk=SiteSearchV2Algo1&afsrc=1&trd=Get%20Deal%20at%20Amazon&sdtid=17134882&tid=17134882&pno=897277&prop=diavail-true%7Cdincp-0%7Cdinpd-3%7Cdipgavail-false&pv=cb8480e6930611eeb234d265bfc59192&au=5bebcd0bf8414b9689357ca3acc07779,This item has no description,
https://slickdeals.net/?sdtrk=SiteSearchV2Algo1&afsrc=1&trd=Get%20Deal%20at%20Retailer&sdtid=16941097&tid=16941097&prop=diavail-false%7Cdincp-0%7Cdinpd-0%7Cdipgavail-false&pv=cfd30f78930611eeb57c0a985dc1f53e&au=5bebcd0bf8414b9689357ca3acc07779,This item has no description,
https://slickdeals.net/?sdtrk=SiteSearchV2Algo1&afsrc=1&trd=Get%20Deal%20at%20Amazon&sdtid=17071147&tid=17071147&prop=diavail-true%7Cdincp-1%7Cdinpd-1%7Cdipgavail-false&pv=d418c0d2930611eeb47a5a85c909964f&au=5bebcd0bf8414b9689357ca3acc07779,This item has no description,Expired Deal
https://slickdeals.net/?sdtrk=SiteSearchV2Algo1&afsrc=1&trd=Get%20Deal%20at%20Retailer&sdtid=16771556&tid=16771556&pno=845150&prop=diavail-false%7Cdincp-0%7Cdinpd-0%7Cdipgavail-false&pv=d6fd0d30930611ee81378e1f5ac956b7&au=5bebcd0bf8414b9689357ca3acc07779,This item has no description,
https://slickdeals.net/?sdtrk=SiteSearchV2Algo1&afsrc=1&trd=Get%20Deal%20at%20Amazon&sdtid=16705082&tid=16705082&prop=diavail-false%7Cdincp-0%7Cdinpd-0%7Cdipgavail-false&pv=db65d51e930611eebb9bb2d9063b0fb6&au=5bebcd0bf8414b9689357ca3acc07779,This item has no description,
https://slickdeals.net/?sdtrk=SiteSearchV2Algo1&afsrc=1&trd=Visit%20PetSmart&sdtid=16788785&tid=16788785&pno=846863&prop=diavail-false%7Cdincp-0%7Cdinpd-0%7Cdipgavail-false&pv=dfab6832930611ee928c3e70e4f2813c&au=5bebcd0bf8414b9689357ca3acc07779,This item has no description,Expired Deal
https://slickdeals.net/?sdtrk=SiteSearchV2Algo1&afsrc=1&trd=Get%20Deal%20at%20Petco&sdtid=16886549&tid=16886549&prop=diavail-false%7Cdincp-0%7Cdinpd-0%7Cdipgavail-false&pv=e293b82e930611eea968f23d550c2941&au=5bebcd0bf8414b9689357ca3acc07779,This item has no description,Expired Deal
https://slickdeals.net/?sdtrk=SiteSearchV2Algo1&afsrc=1&trd=See%20Deal&sdtid=17027920&tid=17027920&prop=diavail-false%7Cdincp-0%7Cdinpd-0%7Cdipgavail-false&pv=e5946e6a930611eeb80aaea895ef3e67&au=5bebcd0bf8414b9689357ca3acc07779,This item has no description,
https://slickdeals.net/?sdtrk=SiteSearchV2Algo1&afsrc=1&trd=Get%20Deal%20at%20Amazon&sdtid=16756622&tid=16756622&prop=diavail-false%7Cdincp-0%7Cdinpd-0%7Cdipgavail-false&pv=e9bf8542930611ee9be8ee446ae44d1d&au=5bebcd0bf8414b9689357ca3acc07779,This item has no description,Expired Deal
https://slickdeals.net/?sdtrk=SiteSearchV2Algo1&afsrc=1&trd=Get%20Deal%20at%20Chewy&sdtid=16575458&tid=16575458&pno=818738&prop=diavail-false%7Cdincp-0%7Cdinpd-0%7Cdipgavail-false&pv=ec4e1292930611ee9575562d90c88812&au=5bebcd0bf8414b9689357ca3acc07779,"Flea and tick protection for dogs and puppies over 18 pounds.
Long-lasting collar kills and repels fleas for 8 months.
Starts working quickly to kill and repel fleas on contact, so pests don’t have to bite your dog to die.
Hassle-free, non-greasy and easy to use.
No prescription required.",
https://slickdeals.net/?sdtrk=SiteSearchV2Algo1&afsrc=1&trd=Get%20Deal%20at%20Amazon&sdtid=16714808&tid=16714808&prop=diavail-false%7Cdincp-0%7Cdinpd-0%7Cdipgavail-false&pv=eed38b46930611eeac4fa2e14e098be5&au=5bebcd0bf8414b9689357ca3acc07779,This item has no description,
https://slickdeals.net/?sdtrk=SiteSearchV2Algo1&afsrc=1&trd=Get%20Deal%20at%20Amazon&sdtid=16423786&tid=16423786&prop=diavail-false%7Cdincp-0%7Cdinpd-0%7Cdipgavail-false&pv=f3175ba6930611eea10452d99aef8a32&au=5bebcd0bf8414b9689357ca3acc07779,This item has no description,
https://slickdeals.net/?sdtrk=SiteSearchV2Algo1&afsrc=1&trd=Visit%20Amazon&sdtid=16351534&tid=16351534&pno=788491&prop=diavail-true%7Cdincp-1%7Cdinpd-0%7Cdipgavail-false&pv=f71f8c28930611eebf824e42ddacaef7&au=5bebcd0bf8414b9689357ca3acc07779,This item has no description,Expired Deal
https://slickdeals.net/?sdtrk=SiteSearchV2Algo1&afsrc=1&trd=Visit%20Retailer&sdtid=16632065&tid=16632065&pno=826037&prop=diavail-false%7Cdincp-0%7Cdinpd-0%7Cdipgavail-false&pv=f9ad5c5e930611ee8ab25a783dfab57c&au=5bebcd0bf8414b9689357ca3acc07779,This item has no description,Expired Deal
https://slickdeals.net/?sdtrk=SiteSearchV2Algo1&afsrc=1&trd=Get%20Deal%20at%20Amazon&sdtid=16092052&tid=16092052&prop=diavail-false%7Cdincp-0%7Cdinpd-0%7Cdipgavail-false&pv=fc3bd14e930611ee95f74e3d14269b0d&au=5bebcd0bf8414b9689357ca3acc07779,This item has no description,
https://slickdeals.net/?sdtrk=SiteSearchV2Algo1&afsrc=1&trd=Get%20Deal%20at%20Amazon&sdtid=15987277&tid=15987277&prop=diavail-true%7Cdincp-3%7Cdinpd-2%7Cdipgavail-true&pv=005d2868930711ee8cc2aec59e3f4e02&au=5bebcd0bf8414b9689357ca3acc07779,This item has no description,
https://slickdeals.net/?sdtrk=SiteSearchV2Algo1&afsrc=1&trd=Get%20Deal%20at%20Amazon&sdtid=15973096&tid=15973096&prop=diavail-true%7Cdincp-3%7Cdinpd-2%7Cdipgavail-true&pv=04ac9e08930711eeb2fdd2917961b292&au=5bebcd0bf8414b9689357ca3acc07779,This item has no description,
https://slickdeals.net/?sdtrk=SiteSearchV2Algo1&afsrc=1&trd=Get%20Deal%20at%20Amazon&sdtid=15940621&tid=15940621&prop=diavail-false%7Cdincp-0%7Cdinpd-0%7Cdipgavail-false&pv=08eb6062930711eeac8c7a1b1e43ba39&au=5bebcd0bf8414b9689357ca3acc07779,This item has no description,
https://slickdeals.net/?sdtrk=SiteSearchV2Algo1&afsrc=1&trd=Get%20Deal%20at%20Amazon&sdtid=15697021&tid=15697021&prop=diavail-true%7Cdincp-1%7Cdinpd-0%7Cdipgavail-false&pv=0d2c21b6930711ee8f612a70558bfcd6&au=5bebcd0bf8414b9689357ca3acc07779,This item has no description,
https://slickdeals.net/?sdtrk=SiteSearchV2Algo1&afsrc=1&trd=Visit%20Amazon&sdtid=15597418&tid=15597418&pno=697312&prop=diavail-true%7Cdincp-1%7Cdinpd-2%7Cdipgavail-false&pv=11786f86930711eebe4212735a8b63a5&au=5bebcd0bf8414b9689357ca3acc07779,This item has no description,Expired Deal
https://slickdeals.net/?sdtrk=SiteSearchV2Algo1&afsrc=1&trd=Get%20Deal%20at%20Amazon&sdtid=17134882&tid=17134882&pno=897277&prop=diavail-true%7Cdincp-0%7Cdinpd-3%7Cdipgavail-false&pv=14408474930711eea8f012b6eb2019a4&au=5bebcd0bf8414b9689357ca3acc07779,This item has no description,
https://slickdeals.net/?sdtrk=SiteSearchV2Algo1&afsrc=1&trd=Get%20Deal%20at%20Retailer&sdtid=16941097&tid=16941097&prop=diavail-false%7Cdincp-0%7Cdinpd-0%7Cdipgavail-false&pv=18a53154930711ee89571a5de5c8a3b2&au=5bebcd0bf8414b9689357ca3acc07779,This item has no description,
https://slickdeals.net/?sdtrk=SiteSearchV2Algo1&afsrc=1&trd=Get%20Deal%20at%20Amazon&sdtid=17071147&tid=17071147&prop=diavail-true%7Cdincp-1%7Cdinpd-1%7Cdipgavail-false&pv=1cff221e930711eeb2a0e281b58694f9&au=5bebcd0bf8414b9689357ca3acc07779,This item has no description,Expired Deal
https://slickdeals.net/?sdtrk=SiteSearchV2Algo1&afsrc=1&trd=Get%20Deal%20at%20Retailer&sdtid=16771556&tid=16771556&pno=845150&prop=diavail-false%7Cdincp-0%7Cdinpd-0%7Cdipgavail-false&pv=1feafa52930711ee868e3e364c14c401&au=5bebcd0bf8414b9689357ca3acc07779,This item has no description,
https://slickdeals.net/?sdtrk=SiteSearchV2Algo1&afsrc=1&trd=Get%20Deal%20at%20Amazon&sdtid=16705082&tid=16705082&prop=diavail-false%7Cdincp-0%7Cdinpd-0%7Cdipgavail-false&pv=2433503c930711eea5e2ee446ae44d1d&au=5bebcd0bf8414b9689357ca3acc07779,This item has no description,
https://slickdeals.net/?sdtrk=SiteSearchV2Algo1&afsrc=1&trd=Visit%20PetSmart&sdtid=16788785&tid=16788785&pno=846863&prop=diavail-false%7Cdincp-0%7Cdinpd-0%7Cdipgavail-false&pv=2882683a930711eeb4e72a34d537341f&au=5bebcd0bf8414b9689357ca3acc07779,This item has no description,Expired Deal
https://slickdeals.net/?sdtrk=SiteSearchV2Algo1&afsrc=1&trd=Get%20Deal%20at%20Petco&sdtid=16886549&tid=16886549&prop=diavail-false%7Cdincp-0%7Cdinpd-0%7Cdipgavail-false&pv=2b94c20c930711ee87908e7a0d52cbc4&au=5bebcd0bf8414b9689357ca3acc07779,This item has no description,Expired Deal
https://slickdeals.net/?sdtrk=SiteSearchV2Algo1&afsrc=1&trd=See%20Deal&sdtid=17027920&tid=17027920&prop=diavail-false%7Cdincp-0%7Cdinpd-0%7Cdipgavail-false&pv=2e79ceb8930711ee83023ebc8cc252b3&au=5bebcd0bf8414b9689357ca3acc07779,This item has no description,
https://slickdeals.net/?sdtrk=SiteSearchV2Algo1&afsrc=1&trd=Get%20Deal%20at%20Amazon&sdtid=16756622&tid=16756622&prop=diavail-false%7Cdincp-0%7Cdinpd-0%7Cdipgavail-false&pv=329e8038930711eeafa23a4e4378d870&au=5bebcd0bf8414b9689357ca3acc07779,This item has no description,Expired Deal
https://slickdeals.net/?sdtrk=SiteSearchV2Algo1&afsrc=1&trd=Get%20Deal%20at%20Chewy&sdtid=16575458&tid=16575458&pno=818738&prop=diavail-false%7Cdincp-0%7Cdinpd-0%7Cdipgavail-false&pv=35627446930711eebdc40e6aeaa7f2d9&au=5bebcd0bf8414b9689357ca3acc07779,"Flea and tick protection for dogs and puppies over 18 pounds.
Long-lasting collar kills and repels fleas for 8 months.
Starts working quickly to kill and repel fleas on contact, so pests don’t have to bite your dog to die.
Hassle-free, non-greasy and easy to use.
No prescription required.",
https://slickdeals.net/?sdtrk=SiteSearchV2Algo1&afsrc=1&trd=Get%20Deal%20at%20Amazon&sdtid=16714808&tid=16714808&prop=diavail-false%7Cdincp-0%7Cdinpd-0%7Cdipgavail-false&pv=3902ad8c930711eea8439edbf881296a&au=5bebcd0bf8414b9689357ca3acc07779,This item has no description,
https://slickdeals.net/?sdtrk=SiteSearchV2Algo1&afsrc=1&trd=Get%20Deal%20at%20Amazon&sdtid=16423786&tid=16423786&prop=diavail-false%7Cdincp-0%7Cdinpd-0%7Cdipgavail-false&pv=3d3f58fa930711ee895f4e42ddacaef7&au=5bebcd0bf8414b9689357ca3acc07779,This item has no description,
https://slickdeals.net/?sdtrk=SiteSearchV2Algo1&afsrc=1&trd=Visit%20Amazon&sdtid=16351534&tid=16351534&pno=788491&prop=diavail-true%7Cdincp-1%7Cdinpd-0%7Cdipgavail-false&pv=422c71d6930711eeabe102fafdfe0186&au=5bebcd0bf8414b9689357ca3acc07779,This item has no description,Expired Deal
https://slickdeals.net/?sdtrk=SiteSearchV2Algo1&afsrc=1&trd=Visit%20Retailer&sdtid=16632065&tid=16632065&pno=826037&prop=diavail-false%7Cdincp-0%7Cdinpd-0%7Cdipgavail-false&pv=45278d58930711ee8d9ad6780b5c7112&au=5bebcd0bf8414b9689357ca3acc07779,This item has no description,Expired Deal
https://slickdeals.net/?sdtrk=SiteSearchV2Algo1&afsrc=1&trd=Get%20Deal%20at%20Amazon&sdtid=16092052&tid=16092052&prop=diavail-false%7Cdincp-0%7Cdinpd-0%7Cdipgavail-false&pv=47c8a0c4930711ee9dfc065367ff376c&au=5bebcd0bf8414b9689357ca3acc07779,This item has no description,
https://slickdeals.net/?sdtrk=SiteSearchV2Algo1&afsrc=1&trd=Get%20Deal%20at%20Amazon&sdtid=15987277&tid=15987277&prop=diavail-true%7Cdincp-3%7Cdinpd-2%7Cdipgavail-true&pv=4c1f7c1a930711ee85622ab9d51e9d18&au=5bebcd0bf8414b9689357ca3acc07779,This item has no description,
https://slickdeals.net/?sdtrk=SiteSearchV2Algo1&afsrc=1&trd=Get%20Deal%20at%20Amazon&sdtid=15973096&tid=15973096&prop=diavail-true%7Cdincp-3%7Cdinpd-2%7Cdipgavail-true&pv=5098a41a930711eebf9bc24b30196ae7&au=5bebcd0bf8414b9689357ca3acc07779,This item has no description,
https://slickdeals.net/?sdtrk=SiteSearchV2Algo1&afsrc=1&trd=Get%20Deal%20at%20Amazon&sdtid=15940621&tid=15940621&prop=diavail-false%7Cdincp-0%7Cdinpd-0%7Cdipgavail-false&pv=54fc7702930711eeb3069e51afe3efdb&au=5bebcd0bf8414b9689357ca3acc07779,This item has no description,
https://slickdeals.net/?sdtrk=SiteSearchV2Algo1&afsrc=1&trd=Visit%20Amazon&sdtid=15597418&tid=15597418&pno=697312&prop=diavail-true%7Cdincp-1%7Cdinpd-2%7Cdipgavail-false&pv=597ae5de930711ee9cbb967b084cc5f5&au=5bebcd0bf8414b9689357ca3acc07779,This item has no description,Expired Deal
https://slickdeals.net/?sdtrk=SiteSearchV2Algo1&afsrc=1&trd=Get%20Deal%20at%20Amazon&sdtid=15697021&tid=15697021&prop=diavail-true%7Cdincp-1%7Cdinpd-0%7Cdipgavail-false&pv=5c65b256930711eea182c24b30196ae7&au=5bebcd0bf8414b9689357ca3acc07779,This item has no description,
https://slickdeals.net/?sdtrk=SiteSearchV2Algo1&afsrc=1&trd=Get%20Deal%20at%20Amazon&sdtid=17134882&tid=17134882&pno=897277&prop=diavail-true%7Cdincp-0%7Cdinpd-3%7Cdipgavail-false&pv=60c492cc930711ee883242e834a7e014&au=5bebcd0bf8414b9689357ca3acc07779,This item has no description,
https://slickdeals.net/?sdtrk=SiteSearchV2Algo1&afsrc=1&trd=Get%20Deal%20at%20Retailer&sdtid=16941097&tid=16941097&prop=diavail-false%7Cdincp-0%7Cdinpd-0%7Cdipgavail-false&pv=6559bc22930711ee8334aef906d31fd8&au=5bebcd0bf8414b9689357ca3acc07779,This item has no description,
https://slickdeals.net/?sdtrk=SiteSearchV2Algo1&afsrc=1&trd=Get%20Deal%20at%20Amazon&sdtid=17071147&tid=17071147&prop=diavail-true%7Cdincp-1%7Cdinpd-1%7Cdipgavail-false&pv=699a9fb8930711ee8d5c12735a8b63a5&au=5bebcd0bf8414b9689357ca3acc07779,This item has no description,Expired Deal
https://slickdeals.net/?sdtrk=SiteSearchV2Algo1&afsrc=1&trd=Get%20Deal%20at%20Retailer&sdtid=16771556&tid=16771556&pno=845150&prop=diavail-false%7Cdincp-0%7Cdinpd-0%7Cdipgavail-false&pv=6c840eda930711ee9f319ae98ab22c26&au=5bebcd0bf8414b9689357ca3acc07779,This item has no description,
https://slickdeals.net/?sdtrk=SiteSearchV2Algo1&afsrc=1&trd=Get%20Deal%20at%20Amazon&sdtid=16705082&tid=16705082&prop=diavail-false%7Cdincp-0%7Cdinpd-0%7Cdipgavail-false&pv=70d89848930711ee928f7aabb1c97e42&au=5bebcd0bf8414b9689357ca3acc07779,This item has no description,
https://slickdeals.net/?sdtrk=SiteSearchV2Algo1&afsrc=1&trd=Visit%20PetSmart&sdtid=16788785&tid=16788785&pno=846863&prop=diavail-false%7Cdincp-0%7Cdinpd-0%7Cdipgavail-false&pv=7526fdd6930711ee880532e1bb81e18c&au=5bebcd0bf8414b9689357ca3acc07779,This item has no description,Expired Deal
https://slickdeals.net/?sdtrk=SiteSearchV2Algo1&afsrc=1&trd=Get%20Deal%20at%20Petco&sdtid=16886549&tid=16886549&prop=diavail-false%7Cdincp-0%7Cdinpd-0%7Cdipgavail-false&pv=78884d5e930711ee8ab57e9685b86d34&au=5bebcd0bf8414b9689357ca3acc07779,This item has no description,Expired Deal
https://slickdeals.net/?sdtrk=SiteSearchV2Algo1&afsrc=1&trd=See%20Deal&sdtid=17027920&tid=17027920&prop=diavail-false%7Cdincp-0%7Cdinpd-0%7Cdipgavail-false&pv=7b7821ba930711ee84969a140b1569d6&au=5bebcd0bf8414b9689357ca3acc07779,This item has no description,
https://slickdeals.net/?sdtrk=SiteSearchV2Algo1&afsrc=1&trd=Get%20Deal%20at%20Amazon&sdtid=16756622&tid=16756622&prop=diavail-false%7Cdincp-0%7Cdinpd-0%7Cdipgavail-false&pv=7fabfbbc930711eeb0897e1b23435637&au=5bebcd0bf8414b9689357ca3acc07779,This item has no description,Expired Deal
https://slickdeals.net/?sdtrk=SiteSearchV2Algo1&afsrc=1&trd=Get%20Deal%20at%20Chewy&sdtid=16575458&tid=16575458&pno=818738&prop=diavail-false%7Cdincp-0%7Cdinpd-0%7Cdipgavail-false&pv=8272a350930711eebf401a5de5c8a3b2&au=5bebcd0bf8414b9689357ca3acc07779,"Flea and tick protection for dogs and puppies over 18 pounds.
Long-lasting collar kills and repels fleas for 8 months.
Starts working quickly to kill and repel fleas on contact, so pests don’t have to bite your dog to die.
Hassle-free, non-greasy and easy to use.
No prescription required.",
https://slickdeals.net/?sdtrk=SiteSearchV2Algo1&afsrc=1&trd=Get%20Deal%20at%20Amazon&sdtid=16714808&tid=16714808&prop=diavail-false%7Cdincp-0%7Cdinpd-0%7Cdipgavail-false&pv=851b4440930711eebd42deea9ecd979f&au=5bebcd0bf8414b9689357ca3acc07779,This item has no description,
https://slickdeals.net/?sdtrk=SiteSearchV2Algo1&afsrc=1&trd=Get%20Deal%20at%20Amazon&sdtid=16423786&tid=16423786&prop=diavail-false%7Cdincp-0%7Cdinpd-0%7Cdipgavail-false&pv=893e487e930711eeb7a63ebc8cc252b3&au=5bebcd0bf8414b9689357ca3acc07779,This item has no description,
https://slickdeals.net/?sdtrk=SiteSearchV2Algo1&afsrc=1&trd=Visit%20Amazon&sdtid=16351534&tid=16351534&pno=788491&prop=diavail-true%7Cdincp-1%7Cdinpd-0%7Cdipgavail-false&pv=8d879dcc930711ee98810e86e249807d&au=5bebcd0bf8414b9689357ca3acc07779,This item has no description,Expired Deal
https://slickdeals.net/?sdtrk=SiteSearchV2Algo1&afsrc=1&trd=Visit%20Retailer&sdtid=16632065&tid=16632065&pno=826037&prop=diavail-false%7Cdincp-0%7Cdinpd-0%7Cdipgavail-false&pv=907f90a2930711eea0bb562d90c88812&au=5bebcd0bf8414b9689357ca3acc07779,This item has no description,Expired Deal
https://slickdeals.net/?sdtrk=SiteSearchV2Algo1&afsrc=1&trd=Get%20Deal%20at%20Amazon&sdtid=16092052&tid=16092052&prop=diavail-false%7Cdincp-0%7Cdinpd-0%7Cdipgavail-false&pv=935a9290930711ee89b1f6836995d55b&au=5bebcd0bf8414b9689357ca3acc07779,This item has no description,
https://slickdeals.net/?sdtrk=SiteSearchV2Algo1&afsrc=1&trd=Get%20Deal%20at%20Amazon&sdtid=15987277&tid=15987277&prop=diavail-true%7Cdincp-3%7Cdinpd-2%7Cdipgavail-true&pv=97ba1108930711eebb08aeddf160804c&au=5bebcd0bf8414b9689357ca3acc07779,This item has no description,
https://slickdeals.net/?sdtrk=SiteSearchV2Algo1&afsrc=1&trd=Get%20Deal%20at%20Amazon&sdtid=15973096&tid=15973096&prop=diavail-true%7Cdincp-3%7Cdinpd-2%7Cdipgavail-true&pv=9c090d18930711ee9ed00e774cf9d669&au=5bebcd0bf8414b9689357ca3acc07779,This item has no description,
https://slickdeals.net/?sdtrk=SiteSearchV2Algo1&afsrc=1&trd=Get%20Deal%20at%20Amazon&sdtid=15940621&tid=15940621&prop=diavail-false%7Cdincp-0%7Cdinpd-0%7Cdipgavail-false&pv=a0b9f52a930711ee9c6ad265bfc59192&au=5bebcd0bf8414b9689357ca3acc07779,This item has no description,
https://slickdeals.net/?sdtrk=SiteSearchV2Algo1&afsrc=1&trd=Visit%20Amazon&sdtid=15597418&tid=15597418&pno=697312&prop=diavail-true%7Cdincp-1%7Cdinpd-2%7Cdipgavail-false&pv=a56b2012930711eeacdf4a71662b62f7&au=5bebcd0bf8414b9689357ca3acc07779,This item has no description,Expired Deal
https://slickdeals.net/?sdtrk=SiteSearchV2Algo1&afsrc=1&trd=Get%20Deal%20at%20Amazon&sdtid=15697021&tid=15697021&prop=diavail-true%7Cdincp-1%7Cdinpd-0%7Cdipgavail-false&pv=a944c792930711ee86879298aa044935&au=5bebcd0bf8414b9689357ca3acc07779,This item has no description,
https://slickdeals.net/?sdtrk=SiteSearchV2Algo1&afsrc=1&trd=Get%20Deal%20at%20Amazon&sdtid=17134882&tid=17134882&pno=897277&prop=diavail-true%7Cdincp-0%7Cdinpd-3%7Cdipgavail-false&pv=ade2be94930711ee8d4a9a140b1569d6&au=5bebcd0bf8414b9689357ca3acc07779,This item has no description,
https://slickdeals.net/?sdtrk=SiteSearchV2Algo1&afsrc=1&trd=Get%20Deal%20at%20Retailer&sdtid=16941097&tid=16941097&prop=diavail-false%7Cdincp-0%7Cdinpd-0%7Cdipgavail-false&pv=b3140422930711ee94b66631cc1e7523&au=5bebcd0bf8414b9689357ca3acc07779,This item has no description,
https://slickdeals.net/?sdtrk=SiteSearchV2Algo1&afsrc=1&trd=Get%20Deal%20at%20Amazon&sdtid=17071147&tid=17071147&prop=diavail-true%7Cdincp-1%7Cdinpd-1%7Cdipgavail-false&pv=b7bf7ed4930711ee9ee6623216ece0cb&au=5bebcd0bf8414b9689357ca3acc07779,This item has no description,Expired Deal
https://slickdeals.net/?sdtrk=SiteSearchV2Algo1&afsrc=1&trd=Get%20Deal%20at%20Retailer&sdtid=16771556&tid=16771556&pno=845150&prop=diavail-false%7Cdincp-0%7Cdinpd-0%7Cdipgavail-false&pv=bb60686e930711eea56c763100633dd8&au=5bebcd0bf8414b9689357ca3acc07779,This item has no description,
https://slickdeals.net/?sdtrk=SiteSearchV2Algo1&afsrc=1&trd=Get%20Deal%20at%20Amazon&sdtid=16705082&tid=16705082&prop=diavail-false%7Cdincp-0%7Cdinpd-0%7Cdipgavail-false&pv=c01844ee930711ee94a6fa97e9bdbaef&au=5bebcd0bf8414b9689357ca3acc07779,This item has no description,
https://slickdeals.net/?sdtrk=SiteSearchV2Algo1&afsrc=1&trd=Visit%20PetSmart&sdtid=16788785&tid=16788785&pno=846863&prop=diavail-false%7Cdincp-0%7Cdinpd-0%7Cdipgavail-false&pv=c502a29c930711ee93b5c24b30196ae7&au=5bebcd0bf8414b9689357ca3acc07779,This item has no description,Expired Deal
https://slickdeals.net/?sdtrk=SiteSearchV2Algo1&afsrc=1&trd=Get%20Deal%20at%20Petco&sdtid=16886549&tid=16886549&prop=diavail-false%7Cdincp-0%7Cdinpd-0%7Cdipgavail-false&pv=c8bd3ffa930711eebece46e4c7109be0&au=5bebcd0bf8414b9689357ca3acc07779,This item has no description,Expired Deal
https://slickdeals.net/?sdtrk=SiteSearchV2Algo1&afsrc=1&trd=See%20Deal&sdtid=17027920&tid=17027920&prop=diavail-false%7Cdincp-0%7Cdinpd-0%7Cdipgavail-false&pv=cc322bb4930711ee9c8746e4c7109be0&au=5bebcd0bf8414b9689357ca3acc07779,This item has no description,
https://slickdeals.net/?sdtrk=SiteSearchV2Algo1&afsrc=1&trd=Get%20Deal%20at%20Amazon&sdtid=16756622&tid=16756622&prop=diavail-false%7Cdincp-0%7Cdinpd-0%7Cdipgavail-false&pv=d1d2097c930711eeaaee3e70e4f2813c&au=5bebcd0bf8414b9689357ca3acc07779,This item has no description,Expired Deal
https://slickdeals.net/?sdtrk=SiteSearchV2Algo1&afsrc=1&trd=Get%20Deal%20at%20Chewy&sdtid=16575458&tid=16575458&pno=818738&prop=diavail-false%7Cdincp-0%7Cdinpd-0%7Cdipgavail-false&pv=d512e2dc930711ee8730aeddf160804c&au=5bebcd0bf8414b9689357ca3acc07779,"Flea and tick protection for dogs and puppies over 18 pounds.
Long-lasting collar kills and repels fleas for 8 months.
Starts working quickly to kill and repel fleas on contact, so pests don’t have to bite your dog to die.
Hassle-free, non-greasy and easy to use.
No prescription required.",
https://slickdeals.net/?sdtrk=SiteSearchV2Algo1&afsrc=1&trd=Get%20Deal%20at%20Amazon&sdtid=16714808&tid=16714808&prop=diavail-false%7Cdincp-0%7Cdinpd-0%7Cdipgavail-false&pv=d86edb52930711eea80152891ca1aa11&au=5bebcd0bf8414b9689357ca3acc07779,This item has no description,
https://slickdeals.net/?sdtrk=SiteSearchV2Algo1&afsrc=1&trd=Get%20Deal%20at%20Amazon&sdtid=16423786&tid=16423786&prop=diavail-false%7Cdincp-0%7Cdinpd-0%7Cdipgavail-false&pv=dd291be4930711ee9b18ee2e757ac07b&au=5bebcd0bf8414b9689357ca3acc07779,This item has no description,
https://slickdeals.net/?sdtrk=SiteSearchV2Algo1&afsrc=1&trd=Visit%20Amazon&sdtid=16351534&tid=16351534&pno=788491&prop=diavail-true%7Cdincp-1%7Cdinpd-0%7Cdipgavail-false&pv=e218cb0e930711ee9cb2da2417169e40&au=5bebcd0bf8414b9689357ca3acc07779,This item has no description,Expired Deal
https://slickdeals.net/?sdtrk=SiteSearchV2Algo1&afsrc=1&trd=Visit%20Retailer&sdtid=16632065&tid=16632065&pno=826037&prop=diavail-false%7Cdincp-0%7Cdinpd-0%7Cdipgavail-false&pv=e669a836930711ee9342b2d9063b0fb6&au=5bebcd0bf8414b9689357ca3acc07779,This item has no description,Expired Deal
https://slickdeals.net/?sdtrk=SiteSearchV2Algo1&afsrc=1&trd=Get%20Deal%20at%20Amazon&sdtid=16092052&tid=16092052&prop=diavail-false%7Cdincp-0%7Cdinpd-0%7Cdipgavail-false&pv=ea148064930711ee8fc79ae98ab22c26&au=5bebcd0bf8414b9689357ca3acc07779,This item has no description,
https://slickdeals.net/?sdtrk=SiteSearchV2Algo1&afsrc=1&trd=Get%20Deal%20at%20Amazon&sdtid=15987277&tid=15987277&prop=diavail-true%7Cdincp-3%7Cdinpd-2%7Cdipgavail-true&pv=eeb13c7a930711eeb9c83ebc8cc252b3&au=5bebcd0bf8414b9689357ca3acc07779,This item has no description,
https://slickdeals.net/?sdtrk=SiteSearchV2Algo1&afsrc=1&trd=Get%20Deal%20at%20Amazon&sdtid=15973096&tid=15973096&prop=diavail-true%7Cdincp-3%7Cdinpd-2%7Cdipgavail-true&pv=f45fc36c930711ee853a264570c22ffb&au=5bebcd0bf8414b9689357ca3acc07779,This item has no description,
https://slickdeals.net/?sdtrk=SiteSearchV2Algo1&afsrc=1&trd=Get%20Deal%20at%20Amazon&sdtid=15940621&tid=15940621&prop=diavail-false%7Cdincp-0%7Cdinpd-0%7Cdipgavail-false&pv=f92a7676930711eea68412735a8b63a5&au=5bebcd0bf8414b9689357ca3acc07779,This item has no description,
https://slickdeals.net/?sdtrk=SiteSearchV2Algo1&afsrc=1&trd=Visit%20Amazon&sdtid=15597418&tid=15597418&pno=697312&prop=diavail-true%7Cdincp-1%7Cdinpd-2%7Cdipgavail-false&pv=fe143bb8930711ee99b2aa569a0b14b4&au=5bebcd0bf8414b9689357ca3acc07779,This item has no description,Expired Deal
https://slickdeals.net/?sdtrk=SiteSearchV2Algo1&afsrc=1&trd=Get%20Deal%20at%20Amazon&sdtid=15697021&tid=15697021&prop=diavail-true%7Cdincp-1%7Cdinpd-0%7Cdipgavail-false&pv=01f445ac930811ee9a267e1b23435637&au=5bebcd0bf8414b9689357ca3acc07779,This item has no description,
https://slickdeals.net/?sdtrk=SiteSearchV2Algo1&afsrc=1&trd=Get%20Deal%20at%20Amazon&sdtid=17134882&tid=17134882&pno=897277&prop=diavail-true%7Cdincp-0%7Cdinpd-3%7Cdipgavail-false&pv=06b849bc930811ee827896e3530149c0&au=5bebcd0bf8414b9689357ca3acc07779,This item has no description,
https://slickdeals.net/?sdtrk=SiteSearchV2Algo1&afsrc=1&trd=Get%20Deal%20at%20Retailer&sdtid=16941097&tid=16941097&prop=diavail-false%7Cdincp-0%7Cdinpd-0%7Cdipgavail-false&pv=0c1a4630930811ee98591ecc22d9047b&au=5bebcd0bf8414b9689357ca3acc07779,This item has no description,
https://slickdeals.net/?sdtrk=SiteSearchV2Algo1&afsrc=1&trd=Get%20Deal%20at%20Amazon&sdtid=17071147&tid=17071147&prop=diavail-true%7Cdincp-1%7Cdinpd-1%7Cdipgavail-false&pv=11292628930811eea0236631cc1e7523&au=5bebcd0bf8414b9689357ca3acc07779,This item has no description,Expired Deal
https://slickdeals.net/?sdtrk=SiteSearchV2Algo1&afsrc=1&trd=Get%20Deal%20at%20Retailer&sdtid=16771556&tid=16771556&pno=845150&prop=diavail-false%7Cdincp-0%7Cdinpd-0%7Cdipgavail-false&pv=1413454e930811ee98445eb20a345d12&au=5bebcd0bf8414b9689357ca3acc07779,This item has no description,
https://slickdeals.net/?sdtrk=SiteSearchV2Algo1&afsrc=1&trd=Get%20Deal%20at%20Amazon&sdtid=16705082&tid=16705082&prop=diavail-false%7Cdincp-0%7Cdinpd-0%7Cdipgavail-false&pv=188907ee930811ee876ac695055d1251&au=5bebcd0bf8414b9689357ca3acc07779,This item has no description,
https://slickdeals.net/?sdtrk=SiteSearchV2Algo1&afsrc=1&trd=Visit%20PetSmart&sdtid=16788785&tid=16788785&pno=846863&prop=diavail-false%7Cdincp-0%7Cdinpd-0%7Cdipgavail-false&pv=1ce26772930811eeabe09633568f9314&au=5bebcd0bf8414b9689357ca3acc07779,This item has no description,Expired Deal
https://slickdeals.net/?sdtrk=SiteSearchV2Algo1&afsrc=1&trd=Get%20Deal%20at%20Petco&sdtid=16886549&tid=16886549&prop=diavail-false%7Cdincp-0%7Cdinpd-0%7Cdipgavail-false&pv=1fc2f268930811eeb83c3e8a4a86d54f&au=5bebcd0bf8414b9689357ca3acc07779,This item has no description,Expired Deal
https://slickdeals.net/?sdtrk=SiteSearchV2Algo1&afsrc=1&trd=See%20Deal&sdtid=17027920&tid=17027920&prop=diavail-false%7Cdincp-0%7Cdinpd-0%7Cdipgavail-false&pv=22b458a4930811eea3e39277d926bb46&au=5bebcd0bf8414b9689357ca3acc07779,This item has no description,
https://slickdeals.net/?sdtrk=SiteSearchV2Algo1&afsrc=1&trd=Get%20Deal%20at%20Amazon&sdtid=16756622&tid=16756622&prop=diavail-false%7Cdincp-0%7Cdinpd-0%7Cdipgavail-false&pv=26f31568930811eea87dbe70f872a18d&au=5bebcd0bf8414b9689357ca3acc07779,This item has no description,Expired Deal
https://slickdeals.net/?sdtrk=SiteSearchV2Algo1&afsrc=1&trd=Get%20Deal%20at%20Chewy&sdtid=16575458&tid=16575458&pno=818738&prop=diavail-false%7Cdincp-0%7Cdinpd-0%7Cdipgavail-false&pv=299d4036930811ee8b6cd2652e8437d7&au=5bebcd0bf8414b9689357ca3acc07779,"Flea and tick protection for dogs and puppies over 18 pounds.
Long-lasting collar kills and repels fleas for 8 months.
Starts working quickly to kill and repel fleas on contact, so pests don’t have to bite your dog to die.
Hassle-free, non-greasy and easy to use.
No prescription required.",
https://slickdeals.net/?sdtrk=SiteSearchV2Algo1&afsrc=1&trd=Get%20Deal%20at%20Amazon&sdtid=16714808&tid=16714808&prop=diavail-false%7Cdincp-0%7Cdinpd-0%7Cdipgavail-false&pv=2c2b917c930811ee999102fafdfe0186&au=5bebcd0bf8414b9689357ca3acc07779,This item has no description,
https://slickdeals.net/?sdtrk=SiteSearchV2Algo1&afsrc=1&trd=Get%20Deal%20at%20Amazon&sdtid=16423786&tid=16423786&prop=diavail-false%7Cdincp-0%7Cdinpd-0%7Cdipgavail-false&pv=3054c20a930811ee9bf39aec81e22f08&au=5bebcd0bf8414b9689357ca3acc07779,This item has no description,
https://slickdeals.net/?sdtrk=SiteSearchV2Algo1&afsrc=1&trd=Visit%20Amazon&sdtid=16351534&tid=16351534&pno=788491&prop=diavail-true%7Cdincp-1%7Cdinpd-0%7Cdipgavail-false&pv=3492aa3a930811eea0ddaec59e3f4e02&au=5bebcd0bf8414b9689357ca3acc07779,This item has no description,Expired Deal
https://slickdeals.net/?sdtrk=SiteSearchV2Algo1&afsrc=1&trd=Visit%20Retailer&sdtid=16632065&tid=16632065&pno=826037&prop=diavail-false%7Cdincp-0%7Cdinpd-0%7Cdipgavail-false&pv=37734df4930811ee8b412e3df80f031a&au=5bebcd0bf8414b9689357ca3acc07779,This item has no description,Expired Deal
https://slickdeals.net/?sdtrk=SiteSearchV2Algo1&afsrc=1&trd=Get%20Deal%20at%20Amazon&sdtid=16092052&tid=16092052&prop=diavail-false%7Cdincp-0%7Cdinpd-0%7Cdipgavail-false&pv=3a8541be930811eeb8ca9aec81e22f08&au=5bebcd0bf8414b9689357ca3acc07779,This item has no description,
https://slickdeals.net/?sdtrk=SiteSearchV2Algo1&afsrc=1&trd=Get%20Deal%20at%20Amazon&sdtid=15987277&tid=15987277&prop=diavail-true%7Cdincp-3%7Cdinpd-2%7Cdipgavail-true&pv=3ed53c60930811eeaecd3e364c14c401&au=5bebcd0bf8414b9689357ca3acc07779,This item has no description,
https://slickdeals.net/?sdtrk=SiteSearchV2Algo1&afsrc=1&trd=Get%20Deal%20at%20Amazon&sdtid=15973096&tid=15973096&prop=diavail-true%7Cdincp-3%7Cdinpd-2%7Cdipgavail-true&pv=430bb96c930811eeaddad2652e8437d7&au=5bebcd0bf8414b9689357ca3acc07779,This item has no description,
https://slickdeals.net/?sdtrk=SiteSearchV2Algo1&afsrc=1&trd=Get%20Deal%20at%20Amazon&sdtid=15940621&tid=15940621&prop=diavail-false%7Cdincp-0%7Cdinpd-0%7Cdipgavail-false&pv=47268ffe930811ee8bc9ced5612574d3&au=5bebcd0bf8414b9689357ca3acc07779,This item has no description,
https://slickdeals.net/?sdtrk=SiteSearchV2Algo1&afsrc=1&trd=Visit%20Amazon&sdtid=15597418&tid=15597418&pno=697312&prop=diavail-true%7Cdincp-1%7Cdinpd-2%7Cdipgavail-false&pv=4b6343fa930811eeb0c93a4e4378d870&au=5bebcd0bf8414b9689357ca3acc07779,This item has no description,Expired Deal
https://slickdeals.net/?sdtrk=SiteSearchV2Algo1&afsrc=1&trd=Get%20Deal%20at%20Amazon&sdtid=15697021&tid=15697021&prop=diavail-true%7Cdincp-1%7Cdinpd-0%7Cdipgavail-false&pv=4e4053b0930811eea7f86a27e9b9ae10&au=5bebcd0bf8414b9689357ca3acc07779,This item has no description,
https://slickdeals.net/?sdtrk=SiteSearchV2Algo1&afsrc=1&trd=Get%20Deal%20at%20Amazon&sdtid=17134882&tid=17134882&pno=897277&prop=diavail-true%7Cdincp-0%7Cdinpd-3%7Cdipgavail-false&pv=526ef806930811ee889e9e6251c4153f&au=5bebcd0bf8414b9689357ca3acc07779,This item has no description,
https://slickdeals.net/?sdtrk=SiteSearchV2Algo1&afsrc=1&trd=Get%20Deal%20at%20Retailer&sdtid=16941097&tid=16941097&prop=diavail-false%7Cdincp-0%7Cdinpd-0%7Cdipgavail-false&pv=56cc637a930811ee96c682142f90b8d8&au=5bebcd0bf8414b9689357ca3acc07779,This item has no description,
https://slickdeals.net/?sdtrk=SiteSearchV2Algo1&afsrc=1&trd=Get%20Deal%20at%20Amazon&sdtid=17071147&tid=17071147&prop=diavail-true%7Cdincp-1%7Cdinpd-1%7Cdipgavail-false&pv=5b10a66c930811eeba2c22426bd0a8ca&au=5bebcd0bf8414b9689357ca3acc07779,This item has no description,Expired Deal
https://slickdeals.net/?sdtrk=SiteSearchV2Algo1&afsrc=1&trd=Get%20Deal%20at%20Retailer&sdtid=16771556&tid=16771556&pno=845150&prop=diavail-false%7Cdincp-0%7Cdinpd-0%7Cdipgavail-false&pv=5de76be6930811eea97cb624ff9acd3a&au=5bebcd0bf8414b9689357ca3acc07779,This item has no description,
https://slickdeals.net/?sdtrk=SiteSearchV2Algo1&afsrc=1&trd=Get%20Deal%20at%20Amazon&sdtid=16705082&tid=16705082&prop=diavail-false%7Cdincp-0%7Cdinpd-0%7Cdipgavail-false&pv=62398044930811eebefa4267e803f315&au=5bebcd0bf8414b9689357ca3acc07779,This item has no description,
https://slickdeals.net/?sdtrk=SiteSearchV2Algo1&afsrc=1&trd=Visit%20PetSmart&sdtid=16788785&tid=16788785&pno=846863&prop=diavail-false%7Cdincp-0%7Cdinpd-0%7Cdipgavail-false&pv=668993b4930811ee9aadda2417169e40&au=5bebcd0bf8414b9689357ca3acc07779,This item has no description,Expired Deal
https://slickdeals.net/?sdtrk=SiteSearchV2Algo1&afsrc=1&trd=Get%20Deal%20at%20Petco&sdtid=16886549&tid=16886549&prop=diavail-false%7Cdincp-0%7Cdinpd-0%7Cdipgavail-false&pv=69dd929a930811ee8b7ec258c79c7091&au=5bebcd0bf8414b9689357ca3acc07779,This item has no description,Expired Deal
https://slickdeals.net/?sdtrk=SiteSearchV2Algo1&afsrc=1&trd=See%20Deal&sdtid=17027920&tid=17027920&prop=diavail-false%7Cdincp-0%7Cdinpd-0%7Cdipgavail-false&pv=6ccc0536930811ee884842e834a7e014&au=5bebcd0bf8414b9689357ca3acc07779,This item has no description,
https://slickdeals.net/?sdtrk=SiteSearchV2Algo1&afsrc=1&trd=Get%20Deal%20at%20Amazon&sdtid=16756622&tid=16756622&prop=diavail-false%7Cdincp-0%7Cdinpd-0%7Cdipgavail-false&pv=71364898930811eeaa409633568f9314&au=5bebcd0bf8414b9689357ca3acc07779,This item has no description,Expired Deal
https://slickdeals.net/?sdtrk=SiteSearchV2Algo1&afsrc=1&trd=Get%20Deal%20at%20Chewy&sdtid=16575458&tid=16575458&pno=818738&prop=diavail-false%7Cdincp-0%7Cdinpd-0%7Cdipgavail-false&pv=740de9c2930811ee85d5b213d4e1265c&au=5bebcd0bf8414b9689357ca3acc07779,"Flea and tick protection for dogs and puppies over 18 pounds.
Long-lasting collar kills and repels fleas for 8 months.
Starts working quickly to kill and repel fleas on contact, so pests don’t have to bite your dog to die.
Hassle-free, non-greasy and easy to use.
No prescription required.",
https://slickdeals.net/?sdtrk=SiteSearchV2Algo1&afsrc=1&trd=Get%20Deal%20at%20Amazon&sdtid=16714808&tid=16714808&prop=diavail-false%7Cdincp-0%7Cdinpd-0%7Cdipgavail-false&pv=77252b16930811ee84050a985dc1f53e&au=5bebcd0bf8414b9689357ca3acc07779,This item has no description,
https://slickdeals.net/?sdtrk=SiteSearchV2Algo1&afsrc=1&trd=Get%20Deal%20at%20Amazon&sdtid=16423786&tid=16423786&prop=diavail-false%7Cdincp-0%7Cdinpd-0%7Cdipgavail-false&pv=7b6b254a930811ee959e9298aa044935&au=5bebcd0bf8414b9689357ca3acc07779,This item has no description,
https://slickdeals.net/?sdtrk=SiteSearchV2Algo1&afsrc=1&trd=Visit%20Amazon&sdtid=16351534&tid=16351534&pno=788491&prop=diavail-true%7Cdincp-1%7Cdinpd-0%7Cdipgavail-false&pv=7fcf19e8930811eeb87d7e1fa6f2e8ad&au=5bebcd0bf8414b9689357ca3acc07779,This item has no description,Expired Deal
https://slickdeals.net/?sdtrk=SiteSearchV2Algo1&afsrc=1&trd=Visit%20Retailer&sdtid=16632065&tid=16632065&pno=826037&prop=diavail-false%7Cdincp-0%7Cdinpd-0%7Cdipgavail-false&pv=82714086930811ee886d16284d3f4263&au=5bebcd0bf8414b9689357ca3acc07779,This item has no description,Expired Deal
https://slickdeals.net/?sdtrk=SiteSearchV2Algo1&afsrc=1&trd=Get%20Deal%20at%20Amazon&sdtid=16092052&tid=16092052&prop=diavail-false%7Cdincp-0%7Cdinpd-0%7Cdipgavail-false&pv=8549af28930811ee8a61d2652e8437d7&au=5bebcd0bf8414b9689357ca3acc07779,This item has no description,
https://slickdeals.net/?sdtrk=SiteSearchV2Algo1&afsrc=1&trd=Get%20Deal%20at%20Amazon&sdtid=15987277&tid=15987277&prop=diavail-true%7Cdincp-3%7Cdinpd-2%7Cdipgavail-true&pv=89e076b6930811ee9df4d2917961b292&au=5bebcd0bf8414b9689357ca3acc07779,This item has no description,
https://slickdeals.net/?sdtrk=SiteSearchV2Algo1&afsrc=1&trd=Get%20Deal%20at%20Amazon&sdtid=15973096&tid=15973096&prop=diavail-true%7Cdincp-3%7Cdinpd-2%7Cdipgavail-true&pv=8e340408930811eeac8c7a1b1e43ba39&au=5bebcd0bf8414b9689357ca3acc07779,This item has no description,
https://slickdeals.net/?sdtrk=SiteSearchV2Algo1&afsrc=1&trd=Get%20Deal%20at%20Amazon&sdtid=15940621&tid=15940621&prop=diavail-false%7Cdincp-0%7Cdinpd-0%7Cdipgavail-false&pv=92711e20930811ee94b916284d3f4263&au=5bebcd0bf8414b9689357ca3acc07779,This item has no description,
https://slickdeals.net/?sdtrk=SiteSearchV2Algo1&afsrc=1&trd=Get%20Deal%20at%20Amazon&sdtid=15697021&tid=15697021&prop=diavail-true%7Cdincp-1%7Cdinpd-0%7Cdipgavail-false&pv=96aca1d0930811ee844202d4353d21bf&au=5bebcd0bf8414b9689357ca3acc07779,This item has no description,
https://slickdeals.net/?sdtrk=SiteSearchV2Algo1&afsrc=1&trd=Visit%20Amazon&sdtid=15597418&tid=15597418&pno=697312&prop=diavail-true%7Cdincp-1%7Cdinpd-2%7Cdipgavail-false&pv=9b02a068930811eea4150e774cf9d669&au=5bebcd0bf8414b9689357ca3acc07779,This item has no description,Expired Deal
